process_id,process_name,category,frequency,primary_system,owner,documentation_status,source_surfaces,related_doc,notes
PROC-001,Daily screening run,scheduled control,Daily,agm-api,Andres Aguilar,draft,"API /actions/run_screening_process; GitHub workflow daily_screening.yaml; screenings.py",processes/01-daily-screening-run.md,"Compares today with the previous calendar day; skips before coverage review when all lists are unchanged; includes all linked contacts and deduplicates by contact id"
PROC-002,Unfunded accounts follow-up,scheduled outreach,Weekly,agm-api,Andres Aguilar,draft,"API /actions/send_unfunded_emails; GitHub workflow send_unfunded_emails.yml; actions.py",processes/02-unfunded-accounts-follow-up.md,"Cross-references NAV, clients, contacts, and advisors to send funding reminders"
PROC-003,Pending IBKR alias update,scheduled remediation,Daily,agm-api,Andres Aguilar,draft,"API /actions/update_pending_alias; GitHub workflow update_aliases.yml; actions.py",processes/03-pending-ibkr-alias-update.md,"Updates IBKR aliases for qualifying accounts that still have blank aliases"
PROC-004,Clients ETL pipeline,scheduled data pipeline,Daily,agm-api,Andres Aguilar,draft,"API /etl/clients; GitHub workflow etl_clients.yaml; private/etl.py",processes/04-clients-etl-pipeline.md,"Extracts backs up and transforms client resources; partial API results still return HTTP 200 and produce a workflow success email"
PROC-005,Market data ETL pipeline,scheduled data pipeline,Daily,agm-api,Andres Aguilar,draft,"API /etl/market_data; GitHub workflow etl_market_data.yaml; private/etl.py",processes/05-market-data-etl-pipeline.md,"Extracts, backs up, transforms, and notifies for market-data resource files"
PROC-006,Documents review workflow,compliance review,On demand,agm-dashboard,Andres Aguilar,draft,"DocumentsReviewPage; ContactsFocus; accounts/contact/documents/advisors APIs; reporting ibkr_details",processes/06-documents-review-workflow.md,"Uses database accounts and account-contact links as the review-row source of truth, enriches with IBKR support data, excludes trusted contacts from Documents Review and defaults Accounts Audit Contact Focus to account holders only on load and reset, exposes a Contact Focus filter for accounts without an IBKR dateClosed value or closed within a rolling one-to-ten-year window, excludes trusted contacts from missing-document outreach names and emails, shows separate source-labeled database contact and IBKR holder options for outreach, allows any number of non-trusted Contact Focus CC recipients while removing the primary and duplicate email addresses, always shows a separate advisor CC section that reports no advisor or no advisor email and otherwise defaults the checkbox on when account.advisor_code resolves to advisor.code and the advisor's linked contact email, applies POI/POA/SOW to natural persons and POE/POA/SOW to companies across the grid email payload and compliance-upload link, includes public/private-accountant income certification in Source-of-Wealth guidance, requires the company contact name in localized corporate outreach, assigns reviewers, uploads documents without automatic OCR, sends localized missing-document emails with Contact Focus priority prefixes (IMPORTANT in English and IMPORTANTE in Spanish) and per-category accepted-document guidance repeated secure-upload buttons and combined email/WhatsApp fallback delivery details, routes recipients to a public AGM Hub upload page whose document table shows category type normalized language labels and formatted dates without internal ids, and persists each email attempt with primary recipient source requested keys language status send time failure and Gmail message id but not selected CC addresses; current responsible rows retain only the latest assignment and comment"
PROC-007,Proof of identity expiration review,compliance review,On demand,agm-dashboard,Andres Aguilar,draft,"ProofsOfIdentityReviewPage; contacts/documents APIs",processes/07-proof-of-identity-expiration-review.md,"Tracks missing and expiring proof-of-identity documents and supports metadata remediation"
PROC-008,Accounts metadata review and analysis,operational analysis,On demand,agm-dashboard,Andres Aguilar,draft,"AccountsPage; ReadAccountsWithMetadata; contacts and advisors joins",processes/08-accounts-metadata-review.md,"Provides operational review over NAV, status, advisor, device, and contact/email metadata"
PROC-009,Account opening and AGM account creation,client onboarding,On demand,agm-hub,Andres Aguilar,draft,"RequirementsPage; ContactDocuments; IBKRApplicationForm; localized requirements; account and application utils; account/contact/document flows",processes/09-account-opening-and-agm-account-creation.md,"Presents bilingual document requirements including public/private-accountant income certification for personal and institutional Source of Wealth, displays contact documents by category type normalized language labels and formatted dates without internal ids, captures account-opening data, creates internal account/contact records, and uploads supporting documents with language metadata without automatic OCR"
PROC-010,IBKR account submission and onboarding,external onboarding,On demand,agm-dashboard,Andres Aguilar,draft,"ApplicationPage; ContactDocuments; /accounts/send_to_ibkr; /accounts/ibkr/details; registration and pending tasks",processes/10-ibkr-account-submission-and-onboarding.md,"Displays contact documents by category type normalized language labels and formatted dates without internal ids, submits AGM applications to IBKR with populated and validated application.documents, blocks stored documents larger than 2 MB before the IBKR request, and manages onboarding follow-up through task and detail retrieval"
PROC-011,Account banking instructions handling,cash operations,On demand,agm-dashboard,Andres Aguilar,draft,"/accounts/instructions; /accounts/ibkr/instructions; /accounts/ibkr/active_bank_instructions; /accounts/ibkr/withdrawable_cash; /accounts/ibkr/wire_instructions",processes/11-account-banking-instructions-handling.md,"Separates internal banking instructions from IBKR instruction-status and cash availability flows"
PROC-012,IBKR reference data downloads,reference data,On demand,agm-hub,Andres Aguilar,draft,"/accounts/ibkr/forms; /accounts/ibkr/product_country_bundles; /accounts/ibkr/financial_ranges; /accounts/ibkr/business_and_occupation",processes/12-ibkr-reference-data-downloads.md,"Loads IBKR forms and enumerations used to support account-opening and account-servicing workflows"
PROC-013,Daily IBKR details backup and reporting feed,backup and reporting,Daily,agm-api,Andres Aguilar,draft,"clients ETL account_details extract; reporting get_ibkr_details; Dashboard review consumers",processes/13-daily-ibkr-details-backup.md,"Enriches the prior backup for missing accounts then publishes a stable IBKR details resource; per-account failures are skipped"
PROC-014,Contact deduplication and dependency merge,data remediation,On demand,agm-api,Andres Aguilar,draft,"dev/contact_dedup_dry_run.py; dev/contact_dedup_apply.py; contact_dedup_manual_review.py; contact dependency tables; reporting get_ibkr_details",processes/14-contact-deduplication-workflow.md,"Uses hashed read-only plans and serializable transactions; residual conflicts require explicit left/right operator selection and exact account/document-union verification before a manual override can be applied"
PROC-015,Advisor contact linking,data remediation,On demand,agm-dashboard,Andres Aguilar,draft,"AdvisorsPage; advisors contact APIs; advisor and contact tables",processes/15-advisor-contact-linking.md,"Lets an operator search and link an existing contact or atomically create and link a new contact; no automatic name match is applied"
PROC-015,Compliance reference data refresh,compliance reference data,Daily,agm-api,Andres Aguilar,draft,"Clients ETL OFAC UK and UN extract/backup/transform steps; Google Drive resources",processes/15-compliance-reference-data-refresh.md,"Refreshes OFAC UK and UN inside the Clients ETL; FATF is not downloaded and partial list failures do not fail the GitHub workflow"
PROC-016,Contact screening and AML risk assessment,screening and risk assessment,Event driven,agm-api,Andres Aguilar,draft,"Hub finalization; POST /contacts/screening; contacts.py risk and sanctions logic",processes/16-contact-screening-and-aml-risk-assessment.md,"Creates contact-level exact-name sanctions results and a weighted risk score using hardcoded jurisdiction sets and worker-level caches"
PROC-017,Deposits and withdrawals monitoring,transaction monitoring,On demand,agm-dashboard,Andres Aguilar,draft,"DepositsWithdrawalsReport; monthly deposits reporting route; flagged_deposit API",processes/17-deposits-and-withdrawals-monitoring.md,"Calculates browser-only high-value and financial-range flags; persists only append-only freeform comment rows"
PROC-018,Regulatory file review and export,compliance review,On demand,agm-dashboard,Andres Aguilar,draft,"/accounts/[accountId]/regulatory; AccountRegulatoryPage",processes/18-regulatory-file-review-and-export.md,"Builds a read-only account regulatory view and optional browser PDF; account-screening API route is absent and section failures can become empty data"
PROC-019,Fee template review,compliance review,On demand,agm-dashboard,Andres Aguilar,draft,"FeeTemplateReviewReport; accounts metadata; IBKR details",processes/19-fee-template-review.md,"Read-only fee-template population review with filters and CSV export but no persisted disposition"
PROC-020,Investment business regulatory reporting,regulatory reporting,On demand,agm-dashboard,Andres Aguilar,draft,"InvestmentBusiness page; clients NAV IBKR details and trades reports",processes/20-investment-business-regulatory-reporting.md,"Displays hardcoded 2025 metrics; missing country defaults to Costa Rica and no certified report or review record is retained"
PROC-021,Compliance manual update notification,governance notification,On demand,agm-api,Andres Aguilar,draft,"POST /actions/send_compliance_manual_update_email; Gmail template",processes/21-compliance-manual-update-notification.md,"Sends a generic notice to one hardcoded recipient without change details acknowledgment or automatic repository trigger"
